,Metric,AP,SP,AP-SP,t-SNE SP,t-SNE AP-SP
0,ROC AUC,0.05333333333333333,0.5733333333333334,0.2733333333333333,0.72,0.35333333333333333
1,gmean (ROC thr),0.0,0.0,0.0,0.0,0.0
2,F1 (ROC thr),0.9836065573770492,0.9334987700375746,0.9628133613104535,0.9836065573770492,0.9836065573770492
3,Accuracy (ROC thr),96.7741935483871,87.74193548387098,92.90322580645162,96.7741935483871,96.7741935483871
4,PR AUC,0.9104072390051627,0.9805680866156468,0.9556756280235514,0.9892121704887789,0.9624381425987597
5,gmean (PR thr),0.0,0.0,0.0,0.0,0.0
6,F1 (PR thr),0.9836065573770492,0.9559225583096198,0.9768306010928962,0.9836065573770492,0.9836065573770492
7,Accuracy (PR thr),96.7741935483871,91.61290322580643,95.48387096774194,96.7741935483871,96.7741935483871
8,gmean (0.5),0.0,0.0,0.0,0.0,0.0
9,F1 (0.5),0.9836065573770492,0.9412755002643957,0.9664369732333056,0.9836065573770492,0.9836065573770492
10,Accuracy (0.5),96.7741935483871,89.03225806451613,93.54838709677419,96.7741935483871,96.7741935483871
