,Metric,AP,SP,AP-SP,t-SNE SP,t-SNE AP-SP
0,ROC AUC,0.8009731570837726,0.8600519017111345,0.8552996512853783,0.7415700267618199,0.8258292109317977
1,gmean (ROC thr),0.7258682869365998,0.7923673740844824,0.7902050372608398,0.6612990340972035,0.7422111046995349
2,F1 (ROC thr),0.7418179088419876,0.819973660431321,0.8219910615532203,0.629207077117057,0.7537435784519917
3,Accuracy (ROC thr),70.8868501529052,78.53211009174312,78.5932721712538,63.5474006116208,72.35474006116208
4,PR AUC,0.8824967850617778,0.9028389198314122,0.9090118650665827,0.8548423748037604,0.8909809394548349
5,gmean (PR thr),0.6363482779243329,0.7659652664358119,0.7877421796719695,0.5754596171228126,0.7218435542253001
6,F1 (PR thr),0.7994600975805253,0.8391624128337589,0.8454876437407695,0.7633874456674195,0.8060901185004884
7,Accuracy (PR thr),72.23241590214067,79.20489296636086,80.36697247706422,67.2782874617737,75.04587155963303
8,gmean (0.5),0.7228179849608947,0.7937647105818235,0.7943039418884629,0.6800243979731475,0.7465963170726255
9,F1 (0.5),0.7402104456236682,0.8294835402061782,0.8348841615070054,0.663458024438324,0.7730564332068869
10,Accuracy (0.5),70.64220183486239,79.26605504587157,79.69418960244649,65.38226299694189,73.57798165137615
