,Metric,AP,SP,AP-SP,t-SNE SP,t-SNE AP-SP
0,ROC AUC,0.978688524590164,0.9278688524590164,0.95,0.9631147540983607,0.980327868852459
1,gmean (ROC thr),0.3414213562373095,0.7805544305177494,0.7904095930321662,0.24142135623730948,0.8496177470382049
2,F1 (ROC thr),0.9744757808499743,0.9598298606802157,0.980406074129488,0.972926574500768,0.9784538957526232
3,Accuracy (ROC thr),95.07692307692307,92.61538461538461,96.3076923076923,94.76923076923076,96.0
4,PR AUC,0.9986008266219881,0.9948949023260175,0.9963035818410209,0.997534099718898,0.9987180362551115
5,gmean (PR thr),0.0,0.6779500770318815,0.7529760942409653,0.0,0.6838044450843455
6,F1 (PR thr),0.9682539682539681,0.9688626914825467,0.9838168060102005,0.9682539682539681,0.9789372572733992
7,Accuracy (PR thr),93.84615384615384,94.15384615384615,96.92307692307693,93.84615384615384,96.0
8,gmean (0.5),0.3414213562373095,0.7817589119578645,0.7904095930321662,0.1414213562373095,0.8273515155050355
9,F1 (0.5),0.9744757808499743,0.9615945665625686,0.980406074129488,0.9713773681515617,0.9819525633272861
10,Accuracy (0.5),95.07692307692307,92.92307692307693,96.3076923076923,94.46153846153845,96.61538461538461
