labels,sequence,PR thr AP SP,ROC thr AP SP,preds AP SP seed 305475974,preds AP SP seed 369953070,preds AP SP seed 879273778,preds AP SP seed 965681145,preds AP SP seed 992391276
1,FKFEF,0.3839948796,0.5708274524,0.95820767,0.78895503,0.9458241,0.9739838,0.99006265
1,VKVFF,0.3839948796,0.5708274524,0.8399905,0.7747253,0.8086598,0.974975,0.72476226
1,KWEFY,0.3839948796,0.5708274524,0.097639434,0.5558903,0.23486306,0.056713678,0.7512091
1,FKIDF,0.3839948796,0.5708274524,0.79541254,0.1295751,0.06628978,0.9735274,0.95146817
1,KWMDF,0.3839948796,0.5708274524,0.7110743,0.907251,0.08022342,0.88131267,0.94759256
0,RVSVD,0.3839948796,0.5708274524,0.055092566,0.10068531,0.9491878,0.6129438,0.49938786
0,PTPCY,0.3839948796,0.5708274524,0.061132833,0.89354765,0.79077095,0.050510526,0.05947604
1,KFAFD,0.3839948796,0.5708274524,0.008196437,0.9470303,0.2297125,0.049567666,0.8444361
1,SYCGY,0.3839948796,0.5708274524,0.0723231,0.3368521,0.9088926,0.7904641,0.9627353
0,DPDPD,0.3839948796,0.5708274524,0.86511105,0.9299252,0.9886121,0.7241289,0.030900434
1,VVVVV,0.3839948796,0.5708274524,0.69036394,0.121384904,0.4853795,0.03405084,0.95588577
1,KFFFE,0.3839948796,0.5708274524,0.020402601,0.20493177,0.04273875,0.017259754,0.9333498
1,FFEKF,0.3839948796,0.5708274524,0.17287709,0.040772703,0.028029466,0.9730644,0.7333971
0,KKFDD,0.3839948796,0.5708274524,0.978069,0.042307694,0.042066075,0.18634373,0.011785066
0,PPPHY,0.3839948796,0.5708274524,0.88468647,0.9205514,0.029026072,0.12473549,0.02811613
1,VKVEV,0.3839948796,0.5708274524,0.5160884,0.89264953,0.6313189,0.16287436,0.16327496
1,RWLDY,0.3839948796,0.5708274524,0.91996837,0.7718569,0.67062503,0.9647033,0.3232759
0,VKVKV,0.3839948796,0.5708274524,0.97059137,0.05454191,0.044258792,0.5657407,0.07772663
0,KVKVK,0.3839948796,0.5708274524,0.15137613,0.049639735,0.848514,0.6392178,0.053603124
0,WKPYY,0.3839948796,0.5708274524,0.054905526,0.036016352,0.625605,0.091734625,0.041592937
