labels,sequence,PR thr SP,ROC thr SP,test 305475974,preds SP seed 305475974,test 369953070,preds SP seed 369953070,test 879273778,preds SP seed 879273778,test 965681145,preds SP seed 965681145,test 992391276,preds SP seed 992391276
1,FKFEF,0.31960518800000004,0.5674178616000001,1,0.9876239,1,0.74740046,1,0.98119926,1,0.96295637,1,0.9671222
1,VKVFF,0.31960518800000004,0.5674178616000001,1,0.86325306,1,0.7187783,1,0.8683894,1,0.999566,2,0.88460416
1,KWEFY,0.31960518800000004,0.5674178616000001,1,0.08622376,1,0.1838879,1,0.28519234,1,0.018662143,2,0.8361987
1,FKIDF,0.31960518800000004,0.5674178616000001,1,0.5280587,1,0.022668999,1,0.2464764,2,0.95435977,2,0.9950876
1,KWMDF,0.31960518800000004,0.5674178616000001,1,0.67026097,2,0.98477685,1,0.089063786,2,0.4701623,2,0.9922372
0,RVSVD,0.31960518800000004,0.5674178616000001,1,0.028979274,2,0.07449218,2,0.9504757,2,0.52525705,2,0.07766934
0,PTPCY,0.31960518800000004,0.5674178616000001,1,0.029523917,2,0.58073866,2,0.870743,2,0.03888881,2,0.08058627
1,KFAFD,0.31960518800000004,0.5674178616000001,2,0.024037704,3,0.9982931,3,0.43240765,2,0.029039891,3,0.62734145
1,SYCGY,0.31960518800000004,0.5674178616000001,2,0.029338665,3,0.7358608,3,0.90105426,3,0.9381437,3,0.9942975
0,DPDPD,0.31960518800000004,0.5674178616000001,3,0.9682005,3,0.99598,3,0.97482544,3,0.49630183,3,0.015210626
1,VVVVV,0.31960518800000004,0.5674178616000001,3,0.9490925,3,0.281535,3,0.20660506,3,0.21442972,4,0.9664008
1,KFFFE,0.31960518800000004,0.5674178616000001,3,0.030383753,3,0.2298644,3,0.043862324,3,0.017793579,4,0.7554042
1,FFEKF,0.31960518800000004,0.5674178616000001,3,0.039800543,3,0.02538332,3,0.17697524,4,0.7759397,4,0.39115158
0,KKFDD,0.31960518800000004,0.5674178616000001,4,0.98522955,3,0.03994687,3,0.032631427,4,0.6262485,4,0.06150761
0,PPPHY,0.31960518800000004,0.5674178616000001,4,0.73842996,4,0.9112755,3,0.04055836,4,0.4856137,4,0.10296145
1,VKVEV,0.31960518800000004,0.5674178616000001,4,0.53015405,4,0.5971977,4,0.7693171,5,0.33066607,5,0.4815963
1,RWLDY,0.31960518800000004,0.5674178616000001,4,0.5925157,4,0.729681,4,0.7600679,5,0.9886059,5,0.5825499
0,VKVKV,0.31960518800000004,0.5674178616000001,4,0.9776113,4,0.045343738,4,0.052779026,5,0.87145674,5,0.08180433
0,KVKVK,0.31960518800000004,0.5674178616000001,4,0.2675261,4,0.079415664,5,0.9691512,5,0.86165565,5,0.014212195
0,WKPYY,0.31960518800000004,0.5674178616000001,5,0.088727005,5,0.03311798,5,0.82640934,5,0.66665554,5,0.032206785
