,Metric,AP,SP,AP-SP,t-SNE SP,t-SNE AP-SP
0,ROC AUC,0.8574864370343085,0.6720520977800185,0.6862030778953572,0.6526624699181393,0.8054337780049258
1,gmean (ROC thr),0.6253595130459402,0.6134835766904283,0.6434622372640677,0.5688414827990488,0.6767074453883366
2,F1 (ROC thr),0.5696180249955993,0.5861467744491995,0.6617730095990967,0.5430776500236257,0.6567256912084499
3,Accuracy (ROC thr),62.83064761325631,60.30708422012769,63.575554879902704,55.898449376710246,66.40316205533597
4,PR AUC,0.8928161329743126,0.770990597385624,0.7493948470961673,0.7156353632518693,0.8479316036645965
5,gmean (PR thr),0.7738931075703445,0.6264673225548876,0.6396847881861677,0.5330380919507157,0.7289074934079065
6,F1 (PR thr),0.8181007010834926,0.6626588331739308,0.6897374701670644,0.7477250301502028,0.7777062685030249
7,Accuracy (PR thr),78.30647613256309,62.46579507449073,64.42687747035573,65.01976284584981,73.7458193979933
8,gmean (0.5),0.6270395753431816,0.6238867677802504,0.6432433948820405,0.5917706496647154,0.707483870598334
9,F1 (0.5),0.5719304408923239,0.6112380082229328,0.6738203329206218,0.6076493339063171,0.7049662062885688
10,Accuracy (0.5),62.952265126178176,61.18881118881119,63.95560960778353,58.36120401337793,69.47400425661296
